[{"model": "admin.logentry", "pk": 1, "fields": {"action_time": "2021-12-10T22:23:14.956Z", "user": 1, "content_type": 7, "object_id": "1", "object_repr": "jiira.example.com", "action_flag": 2, "change_message": "[{\"changed\": {\"fields\": [\"Domain name\", \"Display name\"]}}]"}}, {"model": "admin.logentry", "pk": 2, "fields": {"action_time": "2021-12-10T22:41:11.384Z", "user": 1, "content_type": 8, "object_id": "1", "object_repr": "john_routledge@hotmail.com", "action_flag": 3, "change_message": ""}}, {"model": "admin.logentry", "pk": 3, "fields": {"action_time": "2021-12-10T22:41:30.293Z", "user": 1, "content_type": 8, "object_id": "2", "object_repr": "john_routledge@hotmail.com", "action_flag": 1, "change_message": "[{\"added\": {}}]"}}, {"model": "admin.logentry", "pk": 4, "fields": {"action_time": "2021-12-15T23:44:13.618Z", "user": 1, "content_type": 13, "object_id": "1", "object_repr": "necklaces", "action_flag": 1, "change_message": "[{\"added\": {}}]"}}, {"model": "admin.logentry", "pk": 5, "fields": {"action_time": "2021-12-15T23:44:22.534Z", "user": 1, "content_type": 13, "object_id": "2", "object_repr": "earrings", "action_flag": 1, "change_message": "[{\"added\": {}}]"}}, {"model": "admin.logentry", "pk": 6, "fields": {"action_time": "2021-12-15T23:44:32.380Z", "user": 1, "content_type": 13, "object_id": "3", "object_repr": "bracelets", "action_flag": 1, "change_message": "[{\"added\": {}}]"}}, {"model": "admin.logentry", "pk": 7, "fields": {"action_time": "2021-12-15T23:44:44.415Z", "user": 1, "content_type": 13, "object_id": "4", "object_repr": "rings", "action_flag": 1, "change_message": "[{\"added\": {}}]"}}, {"model": "admin.logentry", "pk": 8, "fields": {"action_time": "2021-12-16T21:01:38.646Z", "user": 1, "content_type": 14, "object_id": "1", "object_repr": "Silver Hoop Earrings", "action_flag": 1, "change_message": "[{\"added\": {}}]"}}, {"model": "admin.logentry", "pk": 9, "fields": {"action_time": "2021-12-16T21:06:22.640Z", "user": 1, "content_type": 14, "object_id": "2", "object_repr": "Silver Link Ring", "action_flag": 1, "change_message": "[{\"added\": {}}]"}}, {"model": "admin.logentry", "pk": 10, "fields": {"action_time": "2021-12-16T21:07:18.754Z", "user": 1, "content_type": 14, "object_id": "3", "object_repr": "Black Pearl Necklace", "action_flag": 1, "change_message": "[{\"added\": {}}]"}}, {"model": "admin.logentry", "pk": 11, "fields": {"action_time": "2021-12-16T21:08:45.193Z", "user": 1, "content_type": 14, "object_id": "4", "object_repr": "Black Pearl Dagger Rings", "action_flag": 1, "change_message": "[{\"added\": {}}]"}}, {"model": "admin.logentry", "pk": 12, "fields": {"action_time": "2021-12-19T19:30:06.316Z", "user": 1, "content_type": 14, "object_id": "2", "object_repr": "Silver Link Ring", "action_flag": 2, "change_message": "[{\"changed\": {\"fields\": [\"Has sizes\"]}}]"}}, {"model": "admin.logentry", "pk": 13, "fields": {"action_time": "2021-12-19T19:30:14.972Z", "user": 1, "content_type": 14, "object_id": "4", "object_repr": "Black Pearl Dagger Rings", "action_flag": 2, "change_message": "[{\"changed\": {\"fields\": [\"Has sizes\"]}}]"}}, {"model": "admin.logentry", "pk": 14, "fields": {"action_time": "2021-12-19T21:36:14.205Z", "user": 1, "content_type": 14, "object_id": "1", "object_repr": "Silver Hoop Earrings", "action_flag": 2, "change_message": "[{\"changed\": {\"fields\": [\"Image url\", \"Image\"]}}]"}}, {"model": "admin.logentry", "pk": 15, "fields": {"action_time": "2021-12-19T21:41:03.564Z", "user": 1, "content_type": 14, "object_id": "1", "object_repr": "Silver Hoop Earrings", "action_flag": 2, "change_message": "[{\"changed\": {\"fields\": [\"Image\"]}}]"}}, {"model": "admin.logentry", "pk": 16, "fields": {"action_time": "2021-12-19T21:41:26.426Z", "user": 1, "content_type": 14, "object_id": "1", "object_repr": "Silver Hoop Earrings", "action_flag": 2, "change_message": "[{\"changed\": {\"fields\": [\"Image\"]}}]"}}, {"model": "admin.logentry", "pk": 17, "fields": {"action_time": "2021-12-19T21:41:42.817Z", "user": 1, "content_type": 14, "object_id": "3", "object_repr": "Black Pearl Necklace", "action_flag": 2, "change_message": "[{\"changed\": {\"fields\": [\"Image url\", \"Image\"]}}]"}}, {"model": "admin.logentry", "pk": 18, "fields": {"action_time": "2021-12-19T21:41:54.738Z", "user": 1, "content_type": 14, "object_id": "2", "object_repr": "Silver Link Ring", "action_flag": 2, "change_message": "[{\"changed\": {\"fields\": [\"Image url\", \"Image\"]}}]"}}, {"model": "admin.logentry", "pk": 19, "fields": {"action_time": "2021-12-19T21:42:05.530Z", "user": 1, "content_type": 14, "object_id": "4", "object_repr": "Black Pearl Dagger Rings", "action_flag": 2, "change_message": "[{\"changed\": {\"fields\": [\"Image url\", \"Image\"]}}]"}}, {"model": "admin.logentry", "pk": 20, "fields": {"action_time": "2021-12-25T21:43:06.099Z", "user": 1, "content_type": 16, "object_id": "1", "object_repr": "B73CBF25D8FE4848A45A3209B747D3F2", "action_flag": 2, "change_message": "[{\"changed\": {\"name\": \"order line item\", \"object\": \"SKU jj0001n on order B73CBF25D8FE4848A45A3209B747D3F2\", \"fields\": [\"Quantity\"]}}]"}}, {"model": "admin.logentry", "pk": 21, "fields": {"action_time": "2021-12-25T21:44:03.644Z", "user": 1, "content_type": 16, "object_id": "1", "object_repr": "B73CBF25D8FE4848A45A3209B747D3F2", "action_flag": 2, "change_message": "[{\"changed\": {\"name\": \"order line item\", \"object\": \"SKU jj0001n on order B73CBF25D8FE4848A45A3209B747D3F2\", \"fields\": [\"Quantity\"]}}]"}}, {"model": "admin.logentry", "pk": 22, "fields": {"action_time": "2022-01-12T20:27:52.423Z", "user": 1, "content_type": 20, "object_id": "1", "object_repr": "Amazing product!", "action_flag": 1, "change_message": "[{\"added\": {}}]"}}, {"model": "admin.logentry", "pk": 23, "fields": {"action_time": "2022-01-21T21:59:39.409Z", "user": 1, "content_type": 16, "object_id": "18", "object_repr": "2F52228CD63A424EBC76970F1822CF23", "action_flag": 3, "change_message": ""}}, {"model": "admin.logentry", "pk": 24, "fields": {"action_time": "2022-01-21T21:59:39.413Z", "user": 1, "content_type": 16, "object_id": "17", "object_repr": "252AC8EE42824912ACBE673A1DED7F27", "action_flag": 3, "change_message": ""}}, {"model": "admin.logentry", "pk": 25, "fields": {"action_time": "2022-01-21T21:59:39.416Z", "user": 1, "content_type": 16, "object_id": "16", "object_repr": "0810B5AA8948454C94210B1114568864", "action_flag": 3, "change_message": ""}}, {"model": "admin.logentry", "pk": 26, "fields": {"action_time": "2022-01-21T21:59:39.419Z", "user": 1, "content_type": 16, "object_id": "15", "object_repr": "67F9C13FE100494EA68832CA90DC7902", "action_flag": 3, "change_message": ""}}, {"model": "admin.logentry", "pk": 27, "fields": {"action_time": "2022-01-21T21:59:39.423Z", "user": 1, "content_type": 16, "object_id": "14", "object_repr": "71BE968F264C4E1C9343ACA327C8B5A3", "action_flag": 3, "change_message": ""}}, {"model": "admin.logentry", "pk": 28, "fields": {"action_time": "2022-01-21T21:59:39.426Z", "user": 1, "content_type": 16, "object_id": "13", "object_repr": "0C6747A557FA43A78D4BEEDC3D30781F", "action_flag": 3, "change_message": ""}}, {"model": "admin.logentry", "pk": 29, "fields": {"action_time": "2022-01-21T21:59:39.429Z", "user": 1, "content_type": 16, "object_id": "12", "object_repr": "C5C2EE557D4F4CEF892A304F40E0D52A", "action_flag": 3, "change_message": ""}}, {"model": "admin.logentry", "pk": 30, "fields": {"action_time": "2022-01-21T21:59:39.432Z", "user": 1, "content_type": 16, "object_id": "11", "object_repr": "D21C77C96DA9444F9810EF4843A7E22E", "action_flag": 3, "change_message": ""}}, {"model": "admin.logentry", "pk": 31, "fields": {"action_time": "2022-01-21T21:59:39.435Z", "user": 1, "content_type": 16, "object_id": "10", "object_repr": "5D7947A0F29F47F9B3CF6C6975C73D9B", "action_flag": 3, "change_message": ""}}, {"model": "admin.logentry", "pk": 32, "fields": {"action_time": "2022-01-21T21:59:39.438Z", "user": 1, "content_type": 16, "object_id": "9", "object_repr": "5B6D57498DF24A4187F5BF5F48FD19B3", "action_flag": 3, "change_message": ""}}, {"model": "admin.logentry", "pk": 33, "fields": {"action_time": "2022-01-21T21:59:39.441Z", "user": 1, "content_type": 16, "object_id": "8", "object_repr": "8D514CCC7E4E4D4DB5619C0ED0995F8E", "action_flag": 3, "change_message": ""}}, {"model": "admin.logentry", "pk": 34, "fields": {"action_time": "2022-01-21T21:59:39.444Z", "user": 1, "content_type": 16, "object_id": "7", "object_repr": "D7CA89EF32494CDEA5665FDD8236B7A4", "action_flag": 3, "change_message": ""}}, {"model": "admin.logentry", "pk": 35, "fields": {"action_time": "2022-01-21T21:59:39.447Z", "user": 1, "content_type": 16, "object_id": "6", "object_repr": "B1756289898340ABADD9F853634C8A02", "action_flag": 3, "change_message": ""}}, {"model": "admin.logentry", "pk": 36, "fields": {"action_time": "2022-01-21T21:59:39.450Z", "user": 1, "content_type": 16, "object_id": "5", "object_repr": "069F94E6FA4444BA9C2B5F365477B7D8", "action_flag": 3, "change_message": ""}}, {"model": "admin.logentry", "pk": 37, "fields": {"action_time": "2022-01-21T21:59:39.453Z", "user": 1, "content_type": 16, "object_id": "4", "object_repr": "26835035DE1D494995A9673C219A3119", "action_flag": 3, "change_message": ""}}, {"model": "admin.logentry", "pk": 38, "fields": {"action_time": "2022-01-21T21:59:39.456Z", "user": 1, "content_type": 16, "object_id": "3", "object_repr": "B1F67E0973E4470CB0ECF7B803721BD9", "action_flag": 3, "change_message": ""}}, {"model": "admin.logentry", "pk": 39, "fields": {"action_time": "2022-01-21T21:59:39.461Z", "user": 1, "content_type": 16, "object_id": "2", "object_repr": "96093574CB8243588A7A17AA61192B01", "action_flag": 3, "change_message": ""}}, {"model": "admin.logentry", "pk": 40, "fields": {"action_time": "2022-01-21T21:59:39.464Z", "user": 1, "content_type": 16, "object_id": "1", "object_repr": "B73CBF25D8FE4848A45A3209B747D3F2", "action_flag": 3, "change_message": ""}}, {"model": "admin.logentry", "pk": 41, "fields": {"action_time": "2022-01-31T23:16:35.276Z", "user": 1, "content_type": 13, "object_id": "5", "object_repr": "stud_earrings", "action_flag": 1, "change_message": "[{\"added\": {}}]"}}, {"model": "admin.logentry", "pk": 42, "fields": {"action_time": "2022-01-31T23:16:51.394Z", "user": 1, "content_type": 13, "object_id": "6", "object_repr": "drop_earrings", "action_flag": 1, "change_message": "[{\"added\": {}}]"}}, {"model": "admin.logentry", "pk": 43, "fields": {"action_time": "2022-01-31T23:17:25.609Z", "user": 1, "content_type": 13, "object_id": "7", "object_repr": "pendant_necklaces", "action_flag": 1, "change_message": "[{\"added\": {}}]"}}, {"model": "admin.logentry", "pk": 44, "fields": {"action_time": "2022-01-31T23:17:40.297Z", "user": 1, "content_type": 13, "object_id": "8", "object_repr": "choker_necklaces", "action_flag": 1, "change_message": "[{\"added\": {}}]"}}, {"model": "admin.logentry", "pk": 45, "fields": {"action_time": "2022-01-31T23:17:58.422Z", "user": 1, "content_type": 13, "object_id": "9", "object_repr": "band_rings", "action_flag": 1, "change_message": "[{\"added\": {}}]"}}, {"model": "admin.logentry", "pk": 46, "fields": {"action_time": "2022-01-31T23:18:08.328Z", "user": 1, "content_type": 13, "object_id": "10", "object_repr": "linked_rings", "action_flag": 1, "change_message": "[{\"added\": {}}]"}}, {"model": "admin.logentry", "pk": 47, "fields": {"action_time": "2022-01-31T23:18:10.696Z", "user": 1, "content_type": 13, "object_id": "10", "object_repr": "linked_rings", "action_flag": 2, "change_message": "[]"}}, {"model": "admin.logentry", "pk": 48, "fields": {"action_time": "2022-02-01T21:00:54.633Z", "user": 1, "content_type": 13, "object_id": "6", "object_repr": "hoop_earrings", "action_flag": 2, "change_message": "[{\"changed\": {\"fields\": [\"Name\", \"Friendly name\"]}}]"}}, {"model": "admin.logentry", "pk": 49, "fields": {"action_time": "2022-02-01T21:01:13.972Z", "user": 1, "content_type": 13, "object_id": "4", "object_repr": "rings", "action_flag": 3, "change_message": ""}}, {"model": "admin.logentry", "pk": 50, "fields": {"action_time": "2022-02-01T21:01:13.978Z", "user": 1, "content_type": 13, "object_id": "3", "object_repr": "bracelets", "action_flag": 3, "change_message": ""}}, {"model": "admin.logentry", "pk": 51, "fields": {"action_time": "2022-02-01T21:01:13.982Z", "user": 1, "content_type": 13, "object_id": "2", "object_repr": "earrings", "action_flag": 3, "change_message": ""}}, {"model": "admin.logentry", "pk": 52, "fields": {"action_time": "2022-02-01T21:01:13.986Z", "user": 1, "content_type": 13, "object_id": "1", "object_repr": "necklaces", "action_flag": 3, "change_message": ""}}, {"model": "auth.user", "pk": 1, "fields": {"password": "pbkdf2_sha256$260000$9hA3f4Y0CQefG7niPBmNjq$zqFeHtD1o7q/RmCzOaKnIz2UJF1jHaHDpH2M8UvfgAM=", "last_login": "2022-02-14T12:11:02.951Z", "is_superuser": true, "username": "admin", "first_name": "", "last_name": "", "email": "john_routledge@hotmail.com", "is_staff": true, "is_active": true, "date_joined": "2021-12-10T21:56:57.157Z", "groups": [], "user_permissions": []}}, {"model": "auth.user", "pk": 2, "fields": {"password": "pbkdf2_sha256$260000$XGhtrUOupyGGuVcYPtWowb$evBkDTrgG+r1AsIG/XErkUv79inbc0RBwqmVBQJeMk8=", "last_login": null, "is_superuser": false, "username": "tutor123", "first_name": "", "last_name": "", "email": "test@test.com", "is_staff": false, "is_active": true, "date_joined": "2022-01-13T21:03:44.199Z", "groups": [], "user_permissions": []}}, {"model": "sessions.session", "pk": "2ikzga2pb2pb6lgpv28amkymj9a45jpt", "fields": {"session_data": ".eJxVjMsOgjAQRf-la9MwLX2xdO83NFNmkKophkKiMf67wbDQ7T3nnpeIuC5jXCvPMZPoBIjD75awv3LZAF2wnCfZT2WZc5KbInda5Wkivh139y8wYh23t3UWnXdGK_DQK9ZGDSGhCToZBuKkGAI1SZGD0ILV2hIN6H3C1sA3WrnWPJXIj3uen6Jr3h9xNz7g:1n7kDo:nkxVaOAiDps6Ubx3LssLg4Hdi1HvNMVEeaGKdODb0z8", "expire_date": "2022-01-26T20:27:52.572Z"}}, {"model": "sessions.session", "pk": "fjwsgm90k6jqra30niwop53yv8pg6ekl", "fields": {"session_data": ".eJxVjL1uwzAQg9_lZsPwSZF_NHbvMwgn61wrSaXCJxdNgrx7oiJDy4EDP5I3cLSX1e3Cm4sBLCA0fzNP84lTBeFI6SO3c05li76tlfZFpX3Pgc9vr-6_g5Vkret-6GkYB6MVjjgr1kYtkyczaW8YA3vFOIXOqzDgdMBe6z6EhcbR08Hg76mwSMzJ8c9X3C5guwaEvtnFtGSwZdu5AU9y4gL2Bmiqx8Kf4vzFSbxyDUwHFu9PPQCPvVL8:1nHOKG:9iHH0cQPa_c7AqabwjjkRkiJTHgnkcnRQ6RoeHHGbwc", "expire_date": "2022-02-22T11:06:24.918Z"}}, {"model": "sessions.session", "pk": "honef5m2o4pzmj6m0ita7i9b12i5375p", "fields": {"session_data": ".eJxVjEsOwjAMRO_iNarqpOlvyZ4zRHbj0vBpUV0koOrdIYgNu9G8N7MCk55lgXYFCy3uwKQYF7mq56fX-JJUuPwDt23bgaf7Mvi7yuxjgBYQ_jqm7ixjAuFE43HKumlc5shZUrIf1ewwBbnsf-7fwUA6pHVZlVTVlbMGa-yMWGf6hsk1lp1gEDaCTcjZhAqbAktryxB6qmumwuH3VEU1TqOXxy3OT2jz7Q3tO02y:1nEg1e:tz3X7xos1g0fd9mdrPDB1_gRhvXpVa2dHWVTRLgO0uc", "expire_date": "2022-02-14T23:23:58.920Z"}}, {"model": "sessions.session", "pk": "jofis4grmk7t7o7kb8zpu5h77vvg4zpt", "fields": {"session_data": ".eJxVjM0OgjAQhN9lz4TQlvJ39O4zNLt0kfoDhoVEJL671nDQOcxhvpnZwOEy924Rnlzw0ICC5DcjbC88RODPOJzGtB2HeQqUxkq6U0mPo-frYe_-HfQofVwXZYFlVVqjVaVazcbqria0tSHLyjNpVrXPSPtS1bkqjCm877CqCHOrvqfCImEcHD_uYVqhyRIglAvP0Gygo4WZb-JodRKeHAObQWNeH70B349Mpg:1n6hYW:wZmTbxzhApFXkUkYFCsA7T9lHjQROXvQNZdAT1cfQas", "expire_date": "2022-01-23T23:24:56.098Z"}}, {"model": "sessions.session", "pk": "om26hs7yuok9fhtl5e9prq8ao781kw3f", "fields": {"session_data": ".eJxVjMsOgjAQRf-la9MwLX2xdO83NFNmkKophkKiMf67wbDQ7T3nnpeIuC5jXCvPMZPoBIjD75awv3LZAF2wnCfZT2WZc5KbInda5Wkivh139y8wYh23t3UWnXdGK_DQK9ZGDSGhCToZBuKkGAI1SZGD0ILV2hIN6H3C1sA3WrnWPJXIj3uen6Jr3h9xNz7g:1nC8dw:f3SLjfNNeGJOobVZamYRwjBAKjFpZQQdsDX35OfsRU8", "expire_date": "2022-02-07T23:21:00.668Z"}}, {"model": "sessions.session", "pk": "tmyikqtuqd5gffbypaou4y9yvb00n412", "fields": {"session_data": ".eJxVjMsOgjAQRf-la9MwLX2xdO83NFNmkKophkKiMf67wbDQ7T3nnpeIuC5jXCvPMZPoBIjD75awv3LZAF2wnCfZT2WZc5KbInda5Wkivh139y8wYh23t3UWnXdGK_DQK9ZGDSGhCToZBuKkGAI1SZGD0ILV2hIN6H3C1sA3WrnWPJXIj3uen6Jr3h9xNz7g:1nJaC7:zJLtWvG1qkURAVAQb156xoDpLR9UqOGDeOIvoeVvpIM", "expire_date": "2022-02-28T12:11:03.006Z"}}, {"model": "sessions.session", "pk": "ui3yojtzrswwb9kr8a3u2ml7quzb8noz", "fields": {"session_data": ".eJxVjMsOgyAUBf_lrg0BBAWW3fcbCI9rpTbQiCZtjP_emrhot2fmzAbWrcto14qzTREMMGh-N-_ChPkA8e7yrZBQ8jInTw6FnLSSa4n4uJzuX2B0dfy-FRMhao6OUumiHtogKMOgOIpeKK9k1woulNYSad9HHgff8cioHFpKHccjWrHWVLLF1zPNbzC0Ae_qhAuYDVowYt8_vU9Dew:1mz6Ir:VFhyM37hzkJ5s4uhqLODtH5Onk6U1TAuRsBhxh4RM60", "expire_date": "2022-01-03T00:13:21.342Z"}}, {"model": "sessions.session", "pk": "vu7hsx7rkdj3sahpa07ymzeqdbsh97hf", "fields": {"session_data": ".eJxVjMsOgyAUBf-FdUME5Lnsvt9ALnKt1AYa0aSN8d9bGzduZ-aclQSoI87ErYQRx7cL8bDMg18qTj5F4n74xAJ0I-ZdxAfke6FdyfOUAt0TethKbyXi83q0p4MB6rCvlVagjZaCM8M6jkLy3gaQVgSJLGLgyGxsAo-a2ZYpIVSMPRgToJXsf1qx1lSyx_crTR_imu0LXY9D3Q:1nB26K:aDNkm5zWrp-mGi-UEaRDBcS23RQG9JMN2INimX1pGnw", "expire_date": "2022-02-04T22:09:44.284Z"}}, {"model": "sessions.session", "pk": "ycvydxgs5gwyspbu3f1j2jrlxr09y5ni", "fields": {"session_data": ".eJxVjMEOgjAQBf-lZ0JoS2nh6N1vaLbdRarYGgpGY_x3hRATrzPvzYuB92mJs73TFPpAaOkKYWRdXMax-Nkl08Q6JljBLCzzsAEb8Mv4P3PgLxRXgWeIp1T6FOcpuHKdlLvN5TEhjYd9-xcYIA_ru9ENaKOVFNxwL0gq0bcOVCudIo7kBPEWKydQ87bmjZQNYg_GOKgV36KZcg4pWnrcwvRkXfX-AGQfUHE:1n87RH:0opc0lOHvdcUb0F63y-Dsxto-OZ0818fhrE7o7dgAlc", "expire_date": "2022-01-27T21:15:19.812Z"}}, {"model": "sites.site", "pk": 1, "fields": {"domain": "jiira.example.com", "name": "Jiira"}}, {"model": "account.emailaddress", "pk": 2, "fields": {"user": 1, "email": "john_routledge@hotmail.com", "verified": true, "primary": true}}, {"model": "account.emailaddress", "pk": 3, "fields": {"user": 2, "email": "test@test.com", "verified": false, "primary": true}}, {"model": "products.category", "pk": 5, "fields": {"name": "stud_earrings", "friendly_name": "Stud Earrings"}}, {"model": "products.category", "pk": 6, "fields": {"name": "hoop_earrings", "friendly_name": "Hoop Earrings"}}, {"model": "products.category", "pk": 7, "fields": {"name": "pendant_necklaces", "friendly_name": "Pendants"}}, {"model": "products.category", "pk": 8, "fields": {"name": "choker_necklaces", "friendly_name": "Chokers"}}, {"model": "products.category", "pk": 9, "fields": {"name": "band_rings", "friendly_name": "Bands"}}, {"model": "products.category", "pk": 10, "fields": {"name": "linked_rings", "friendly_name": "Linked Rings"}}, {"model": "products.product", "pk": 1, "fields": {"category": 6, "sku": "jj0001e", "name": "Silver Hoop Earrings", "description": "Beautifully handcrafted silver earrings featuring an asymmetrical design. Each pair is completely unique.", "has_sizes": false, "price": "24.99", "image_url": null, "image": "jj0001e_eZULAlO.png"}}, {"model": "products.product", "pk": 2, "fields": {"category": 10, "sku": "jj0001r", "name": "Silver Link Ring", "description": "Handcrafted link effect silver ring with embossed inlay.", "has_sizes": true, "price": "34.99", "image_url": null, "image": "jj0001r_KmohLAV.jpeg"}}, {"model": "products.product", "pk": 3, "fields": {"category": 8, "sku": "jj0001n", "name": "Black Pearl Choker", "description": "Choker with immitation jet black pearls.", "has_sizes": false, "price": "49.99", "image_url": null, "image": "jj0001n_7CFjnLQ.jpeg"}}, {"model": "products.product", "pk": 4, "fields": {"category": 10, "sku": "jj0002r", "name": "Black Pearl Dagger Rings", "description": "A pair of black pearl rings with dagger feature.", "has_sizes": true, "price": "34.99", "image_url": null, "image": "jj0002r_g4xo9Br.jpeg"}}, {"model": "products.product", "pk": 5, "fields": {"category": 7, "sku": "jj0002n", "name": "Beaded Chain Pendant Necklace", "description": "Simple beaded chain pendant necklace, hand crafted in silver with a clasp fastner. Suitable for any occassion.", "has_sizes": false, "price": "54.99", "image_url": null, "image": "jj0002n_dVvS2QE.jpeg"}}, {"model": "products.product", "pk": 6, "fields": {"category": 7, "sku": "jj0003n", "name": "Silver Chain Pendant", "description": "The timeless classic - a single-strand, silver plated, chain pendant.", "has_sizes": false, "price": "34.99", "image_url": null, "image": "jj0003n_6FELhZP.jpeg"}}, {"model": "products.product", "pk": 7, "fields": {"category": 8, "sku": "jj0004n", "name": "Akha Style Choker", "description": "This stunning Akha inspired choker brings style from the hills of Northern Thailand.  Made from hand-pressed alloys, the main choker features five hanging tassles for a very over-stated yet uniquely Thai look.", "has_sizes": false, "price": "89.99", "image_url": null, "image": "jj0004n_NrJrCfc.jpeg"}}, {"model": "products.product", "pk": 8, "fields": {"category": 8, "sku": "jj0005n", "name": "Silver Choker", "description": "This silver choker features a stunning starburst array which will make an impression on any evening outfit.", "has_sizes": false, "price": "89.99", "image_url": null, "image": "jj0005n_iwtVlMZ.jpeg"}}, {"model": "products.product", "pk": 9, "fields": {"category": 7, "sku": "jj0007n", "name": "Pearl Pendant Necklace", "description": "Silver plated pendant necklace lined with a unique selection of small pearls. No two of these pendant necklaces are the same.", "has_sizes": false, "price": "69.99", "image_url": null, "image": "jj0007n_Cw6mbCv.png"}}, {"model": "products.product", "pk": 10, "fields": {"category": 7, "sku": "jj0008n", "name": "Leaf Pendant Necklace", "description": "This stunning fine chain pendant necklace features a delicate leaf which was painstakingly hand crafted from silver.", "has_sizes": false, "price": "69.99", "image_url": null, "image": "jj0008n_EE8ZSWV.jpeg"}}, {"model": "products.product", "pk": 12, "fields": {"category": 6, "sku": "jj0003e", "name": "Beaded Chain Earrings", "description": "Elegant silver drop earrings featuring and extended beaded chain.", "has_sizes": false, "price": "34.99", "image_url": null, "image": "jj0003e_Zuvs3Kt.jpeg"}}, {"model": "products.product", "pk": 13, "fields": {"category": 6, "sku": "jj0004e", "name": "Akha Tassle Earrings", "description": "Taking their inspiration for the hills of Northern Thailand, these earrings feature an unmistakable brushed yellow silk tassle and miniature golden bells.", "has_sizes": false, "price": "37.99", "image_url": null, "image": "jj0005e_fWD4FWc.jpg"}}, {"model": "products.product", "pk": 14, "fields": {"category": 6, "sku": "jj0005e", "name": "Naga Earrings", "description": "These earrings, fashioned from alloy, take their inspiration from the mythical Nagas which can be found guarding the entrance to many a temple.", "has_sizes": false, "price": "34.99", "image_url": null, "image": "jj0004e_iS0u2Xs.jpeg"}}, {"model": "products.product", "pk": 15, "fields": {"category": 9, "sku": "jj0003r", "name": "Beaded Silver Ring", "description": "Silver ring featuring woven beaded design.", "has_sizes": true, "price": "24.99", "image_url": null, "image": "jj0003r_uOxOkqp.jpeg"}}, {"model": "products.product", "pk": 16, "fields": {"category": 9, "sku": "jj0004r", "name": "Silver Band", "description": "This silver band features several strands of silver fused together to create a truly unique design.", "has_sizes": true, "price": "44.99", "image_url": null, "image": "jj0004r_aydHSIv.jpeg"}}, {"model": "products.product", "pk": 17, "fields": {"category": 9, "sku": "jj0005r", "name": "Knot Ring", "description": "Silver-plated ring featuring a single knot design.", "has_sizes": true, "price": "14.99", "image_url": null, "image": "jj0005r_A56MHLf.jpeg"}}, {"model": "products.product", "pk": 18, "fields": {"category": 5, "sku": "jj0010e", "name": "Simple Pearl Stud Earrings", "description": "These pearl stud earrings are a timeless classic and a match for any occassion, be it day or night.", "has_sizes": false, "price": "19.99", "image_url": null, "image": "jj0010e_4byQWWB.png"}}, {"model": "products.product", "pk": 19, "fields": {"category": 5, "sku": "jj0011e", "name": "Stud Tassle Earrings", "description": "These tassle-style stud earrings are handcrafted from antique silver and simply exude Thainess.", "has_sizes": false, "price": "34.99", "image_url": null, "image": "jj0012e.jpeg"}}, {"model": "products.product", "pk": 21, "fields": {"category": 5, "sku": "test01", "name": "test01", "description": "test01", "has_sizes": false, "price": "5.99", "image_url": null, "image": ""}}, {"model": "checkout.order", "pk": 19, "fields": {"order_number": "79B3ED19E62A452583C6760DD231CF63", "user_profile": 1, "full_name": "fgsdgsdgd", "email": "john_routledge@hotmail.com", "phone_number": "987", "country": "US", "postcode": "oiu", "town_or_city": "oiu", "street_address1": "oiu", "street_address2": "oiu", "county": "ooiu", "date": "2022-02-06T22:59:56.724Z", "delivery_cost": "0.00", "order_total": "114.97", "grand_total": "114.97", "original_basket": "{\"5\": 1, \"1\": 1, \"4\": {\"items_by_size\": {\"50\": 1}}}", "stripe_pid": "pi_3KQJ0tHmTUV1jLZy1NOvjhNg"}}, {"model": "checkout.order", "pk": 20, "fields": {"order_number": "6F6A3CF2246E424C9A163FE5FC98019F", "user_profile": 1, "full_name": "dfsdf", "email": "john_routledge@hotmail.com", "phone_number": "987", "country": "US", "postcode": "oiu", "town_or_city": "oiu", "street_address1": "oiu", "street_address2": "oiu", "county": "ooiu", "date": "2022-02-08T10:44:11.373Z", "delivery_cost": "0.00", "order_total": "54.99", "grand_total": "54.99", "original_basket": "{\"5\": 1}", "stripe_pid": "pi_3KQrAsHmTUV1jLZy0QE3zFPj"}}, {"model": "checkout.orderlineitem", "pk": 20, "fields": {"order": 19, "product": 5, "product_size": null, "quantity": 1, "lineitem_total": "54.99"}}, {"model": "checkout.orderlineitem", "pk": 21, "fields": {"order": 19, "product": 1, "product_size": null, "quantity": 1, "lineitem_total": "24.99"}}, {"model": "checkout.orderlineitem", "pk": 22, "fields": {"order": 19, "product": 4, "product_size": "50", "quantity": 1, "lineitem_total": "34.99"}}, {"model": "checkout.orderlineitem", "pk": 23, "fields": {"order": 20, "product": 5, "product_size": null, "quantity": 1, "lineitem_total": "54.99"}}, {"model": "profiles.userprofile", "pk": 1, "fields": {"user": 1, "default_phone_number": "987", "default_street_address1": "oiu", "default_street_address2": "oiu", "default_town_or_city": "oiu", "default_county": "ooiu", "default_postcode": "oiu", "default_country": "US"}}, {"model": "profiles.userprofile", "pk": 2, "fields": {"user": 2, "default_phone_number": null, "default_street_address1": null, "default_street_address2": null, "default_town_or_city": null, "default_county": null, "default_postcode": null, "default_country": null}}, {"model": "blog.post", "pk": 5, "fields": {"title": "Jiira at Chiang Mai Fashion Week", "slug": "fashionweek", "author": "Jiira Admin", "image": "fashion-show_PjikoQw.jpg", "image_url": null, "content": "On 19th December 2021, Jiira Jewellery was invited to attend Chiang Mai Fashion Week at Central Festival Shopping Mall.  The event was a huge success.", "date_created": "2022-01-26T13:14:16.654Z", "date_updated": "2022-02-12T23:49:41.052Z"}}, {"model": "reviews.review", "pk": 1, "fields": {"user": 1, "product": 1, "title": "Amazing product!", "review_content": "Blah blah blah blah blah blah blah blah blah blah blah blah blah blah", "rating": 5, "date_created": "2022-01-12T20:27:52.421Z"}}, {"model": "reviews.review", "pk": 2, "fields": {"user": 1, "product": 1, "title": "great product", "review_content": "beatiful earrings", "rating": 3, "date_created": "2022-01-13T22:24:34.663Z"}}, {"model": "reviews.review", "pk": 3, "fields": {"user": 1, "product": 1, "title": "great product", "review_content": "beatiful earrings", "rating": 3, "date_created": "2022-01-13T22:28:45.199Z"}}, {"model": "reviews.review", "pk": 4, "fields": {"user": 1, "product": 1, "title": "great product", "review_content": "beatiful earrings", "rating": 3, "date_created": "2022-01-13T22:31:38.523Z"}}]