[{"model": "admin.logentry", "pk": 1, "fields": {"action_time": "2021-12-10T22:23:14.956Z", "user": 1, "content_type": 7, "object_id": "1", "object_repr": "jiira.example.com", "action_flag": 2, "change_message": "[{\"changed\": {\"fields\": [\"Domain name\", \"Display name\"]}}]"}}, {"model": "admin.logentry", "pk": 2, "fields": {"action_time": "2021-12-10T22:41:11.384Z", "user": 1, "content_type": 8, "object_id": "1", "object_repr": "john_routledge@hotmail.com", "action_flag": 3, "change_message": ""}}, {"model": "admin.logentry", "pk": 3, "fields": {"action_time": "2021-12-10T22:41:30.293Z", "user": 1, "content_type": 8, "object_id": "2", "object_repr": "john_routledge@hotmail.com", "action_flag": 1, "change_message": "[{\"added\": {}}]"}}, {"model": "admin.logentry", "pk": 4, "fields": {"action_time": "2021-12-15T23:44:13.618Z", "user": 1, "content_type": 13, "object_id": "1", "object_repr": "necklaces", "action_flag": 1, "change_message": "[{\"added\": {}}]"}}, {"model": "admin.logentry", "pk": 5, "fields": {"action_time": "2021-12-15T23:44:22.534Z", "user": 1, "content_type": 13, "object_id": "2", "object_repr": "earrings", "action_flag": 1, "change_message": "[{\"added\": {}}]"}}, {"model": "admin.logentry", "pk": 6, "fields": {"action_time": "2021-12-15T23:44:32.380Z", "user": 1, "content_type": 13, "object_id": "3", "object_repr": "bracelets", "action_flag": 1, "change_message": "[{\"added\": {}}]"}}, {"model": "admin.logentry", "pk": 7, "fields": {"action_time": "2021-12-15T23:44:44.415Z", "user": 1, "content_type": 13, "object_id": "4", "object_repr": "rings", "action_flag": 1, "change_message": "[{\"added\": {}}]"}}, {"model": "admin.logentry", "pk": 8, "fields": {"action_time": "2021-12-16T21:01:38.646Z", "user": 1, "content_type": 14, "object_id": "1", "object_repr": "Silver Hoop Earrings", "action_flag": 1, "change_message": "[{\"added\": {}}]"}}, {"model": "admin.logentry", "pk": 9, "fields": {"action_time": "2021-12-16T21:06:22.640Z", "user": 1, "content_type": 14, "object_id": "2", "object_repr": "Silver Link Ring", "action_flag": 1, "change_message": "[{\"added\": {}}]"}}, {"model": "admin.logentry", "pk": 10, "fields": {"action_time": "2021-12-16T21:07:18.754Z", "user": 1, "content_type": 14, "object_id": "3", "object_repr": "Black Pearl Necklace", "action_flag": 1, "change_message": "[{\"added\": {}}]"}}, {"model": "admin.logentry", "pk": 11, "fields": {"action_time": "2021-12-16T21:08:45.193Z", "user": 1, "content_type": 14, "object_id": "4", "object_repr": "Black Pearl Dagger Rings", "action_flag": 1, "change_message": "[{\"added\": {}}]"}}, {"model": "admin.logentry", "pk": 12, "fields": {"action_time": "2021-12-19T19:30:06.316Z", "user": 1, "content_type": 14, "object_id": "2", "object_repr": "Silver Link Ring", "action_flag": 2, "change_message": "[{\"changed\": {\"fields\": [\"Has sizes\"]}}]"}}, {"model": "admin.logentry", "pk": 13, "fields": {"action_time": "2021-12-19T19:30:14.972Z", "user": 1, "content_type": 14, "object_id": "4", "object_repr": "Black Pearl Dagger Rings", "action_flag": 2, "change_message": "[{\"changed\": {\"fields\": [\"Has sizes\"]}}]"}}, {"model": "admin.logentry", "pk": 14, "fields": {"action_time": "2021-12-19T21:36:14.205Z", "user": 1, "content_type": 14, "object_id": "1", "object_repr": "Silver Hoop Earrings", "action_flag": 2, "change_message": "[{\"changed\": {\"fields\": [\"Image url\", \"Image\"]}}]"}}, {"model": "admin.logentry", "pk": 15, "fields": {"action_time": "2021-12-19T21:41:03.564Z", "user": 1, "content_type": 14, "object_id": "1", "object_repr": "Silver Hoop Earrings", "action_flag": 2, "change_message": "[{\"changed\": {\"fields\": [\"Image\"]}}]"}}, {"model": "admin.logentry", "pk": 16, "fields": {"action_time": "2021-12-19T21:41:26.426Z", "user": 1, "content_type": 14, "object_id": "1", "object_repr": "Silver Hoop Earrings", "action_flag": 2, "change_message": "[{\"changed\": {\"fields\": [\"Image\"]}}]"}}, {"model": "admin.logentry", "pk": 17, "fields": {"action_time": "2021-12-19T21:41:42.817Z", "user": 1, "content_type": 14, "object_id": "3", "object_repr": "Black Pearl Necklace", "action_flag": 2, "change_message": "[{\"changed\": {\"fields\": [\"Image url\", \"Image\"]}}]"}}, {"model": "admin.logentry", "pk": 18, "fields": {"action_time": "2021-12-19T21:41:54.738Z", "user": 1, "content_type": 14, "object_id": "2", "object_repr": "Silver Link Ring", "action_flag": 2, "change_message": "[{\"changed\": {\"fields\": [\"Image url\", \"Image\"]}}]"}}, {"model": "admin.logentry", "pk": 19, "fields": {"action_time": "2021-12-19T21:42:05.530Z", "user": 1, "content_type": 14, "object_id": "4", "object_repr": "Black Pearl Dagger Rings", "action_flag": 2, "change_message": "[{\"changed\": {\"fields\": [\"Image url\", \"Image\"]}}]"}}, {"model": "admin.logentry", "pk": 20, "fields": {"action_time": "2021-12-25T21:43:06.099Z", "user": 1, "content_type": 16, "object_id": "1", "object_repr": "B73CBF25D8FE4848A45A3209B747D3F2", "action_flag": 2, "change_message": "[{\"changed\": {\"name\": \"order line item\", \"object\": \"SKU jj0001n on order B73CBF25D8FE4848A45A3209B747D3F2\", \"fields\": [\"Quantity\"]}}]"}}, {"model": "admin.logentry", "pk": 21, "fields": {"action_time": "2021-12-25T21:44:03.644Z", "user": 1, "content_type": 16, "object_id": "1", "object_repr": "B73CBF25D8FE4848A45A3209B747D3F2", "action_flag": 2, "change_message": "[{\"changed\": {\"name\": \"order line item\", \"object\": \"SKU jj0001n on order B73CBF25D8FE4848A45A3209B747D3F2\", \"fields\": [\"Quantity\"]}}]"}}, {"model": "auth.user", "pk": 1, "fields": {"password": "pbkdf2_sha256$260000$9hA3f4Y0CQefG7niPBmNjq$zqFeHtD1o7q/RmCzOaKnIz2UJF1jHaHDpH2M8UvfgAM=", "last_login": "2021-12-29T01:55:46.725Z", "is_superuser": true, "username": "admin", "first_name": "", "last_name": "", "email": "john_routledge@hotmail.com", "is_staff": true, "is_active": true, "date_joined": "2021-12-10T21:56:57.157Z", "groups": [], "user_permissions": []}}, {"model": "sessions.session", "pk": "ui3yojtzrswwb9kr8a3u2ml7quzb8noz", "fields": {"session_data": ".eJxVjMsOgyAUBf_lrg0BBAWW3fcbCI9rpTbQiCZtjP_emrhot2fmzAbWrcto14qzTREMMGh-N-_ChPkA8e7yrZBQ8jInTw6FnLSSa4n4uJzuX2B0dfy-FRMhao6OUumiHtogKMOgOIpeKK9k1woulNYSad9HHgff8cioHFpKHccjWrHWVLLF1zPNbzC0Ae_qhAuYDVowYt8_vU9Dew:1mz6Ir:VFhyM37hzkJ5s4uhqLODtH5Onk6U1TAuRsBhxh4RM60", "expire_date": "2022-01-03T00:13:21.342Z"}}, {"model": "sessions.session", "pk": "vbbo0d0yrz8nxzmx7jpnnoz0yxs88xh5", "fields": {"session_data": ".eJxVjEEOwiAUBe_CuiFAoYUu3XsG8oGPRQ0YaI3GeHdt0oVu38ybF7GwLrNdG1abApkIJ93v5sBfMG8gnCGfCvUlLzU5uil0p40eS8DrYXf_AjO0-fvWXPpgBAJjCoKJvZeMo9cC5Si102ropZDaGIVsHIMI0Q0icKZizxgI3KINW0slW3zcUn2SiXWkwR1tyrGQaakrvj_E1USe:1n2hjo:odp0UL-NVyhf6cLcX4EvXsbdeKcIiOHAoK0ee9S3QOI", "expire_date": "2022-01-12T22:48:04.302Z"}}, {"model": "sites.site", "pk": 1, "fields": {"domain": "jiira.example.com", "name": "Jiira"}}, {"model": "account.emailaddress", "pk": 2, "fields": {"user": 1, "email": "john_routledge@hotmail.com", "verified": true, "primary": true}}, {"model": "products.category", "pk": 1, "fields": {"name": "necklaces", "friendly_name": "Necklaces"}}, {"model": "products.category", "pk": 2, "fields": {"name": "earrings", "friendly_name": "Earrings"}}, {"model": "products.category", "pk": 3, "fields": {"name": "bracelets", "friendly_name": "Bracelets"}}, {"model": "products.category", "pk": 4, "fields": {"name": "rings", "friendly_name": "Rings"}}, {"model": "products.product", "pk": 1, "fields": {"category": 2, "sku": "jj0001e", "name": "Silver Hoop Earrings", "description": "Beautifully handcrafted silver earrings with silver tassles.", "has_sizes": false, "price": "39.99", "rating": "5.00", "image_url": null, "image": "jj0001e_RytXpoF.png"}}, {"model": "products.product", "pk": 2, "fields": {"category": 4, "sku": "jj0001r", "name": "Silver Link Ring", "description": "Handcrafted link effect silver ring with embossed inlay.", "has_sizes": true, "price": "34.99", "rating": "5.00", "image_url": null, "image": "jj0001r_vquUTm2.png"}}, {"model": "products.product", "pk": 3, "fields": {"category": 1, "sku": "jj0001n", "name": "Black Pearl Necklace", "description": "Silver necklace featuring black pearls.", "has_sizes": false, "price": "49.99", "rating": "5.00", "image_url": null, "image": "jj0001n_aQRIFTj.png"}}, {"model": "products.product", "pk": 4, "fields": {"category": 4, "sku": "jj0002r", "name": "Black Pearl Dagger Rings", "description": "A pair of black pearl rings with dagger feature.", "has_sizes": true, "price": "34.99", "rating": "5.00", "image_url": null, "image": "jj0002r_BBEFHyE.png"}}, {"model": "checkout.order", "pk": 1, "fields": {"order_number": "B73CBF25D8FE4848A45A3209B747D3F2", "user_profile": null, "full_name": "dofh", "email": "asofihas@aosfo.com", "phone_number": "098", "country": "US", "postcode": "0870", "town_or_city": "jij", "street_address1": "pjpo", "street_address2": "poj", "county": "poj", "date": "2021-12-25T21:35:19.557Z", "delivery_cost": "0.00", "order_total": "0.00", "grand_total": "0.00", "original_basket": "", "stripe_pid": ""}}, {"model": "checkout.order", "pk": 2, "fields": {"order_number": "96093574CB8243588A7A17AA61192B01", "user_profile": null, "full_name": "lkjlkj", "email": "lkjlk@lkjkj.com", "phone_number": "0890989", "country": "US", "postcode": "lkjlkj", "town_or_city": "lkj", "street_address1": "lkj", "street_address2": "lkj", "county": "lkj", "date": "2021-12-25T21:47:22.314Z", "delivery_cost": "0.00", "order_total": "0.00", "grand_total": "0.00", "original_basket": "", "stripe_pid": ""}}, {"model": "checkout.order", "pk": 3, "fields": {"order_number": "B1F67E0973E4470CB0ECF7B803721BD9", "user_profile": null, "full_name": "lkjlk", "email": "lkjlk@lkjkj.com", "phone_number": "98789", "country": "US", "postcode": "987", "town_or_city": "oij", "street_address1": "lkj", "street_address2": "lkj", "county": "lkj", "date": "2021-12-25T21:58:48.150Z", "delivery_cost": "0.00", "order_total": "69.98", "grand_total": "69.98", "original_basket": "", "stripe_pid": ""}}, {"model": "checkout.order", "pk": 4, "fields": {"order_number": "26835035DE1D494995A9673C219A3119", "user_profile": null, "full_name": "ohjlk", "email": "lkjjlk@lkjklj.com", "phone_number": "987987", "country": "US", "postcode": "kjh", "town_or_city": "kjh", "street_address1": "kjh", "street_address2": "kjh", "county": "kjh", "date": "2021-12-26T21:01:37.035Z", "delivery_cost": "0.00", "order_total": "104.97", "grand_total": "104.97", "original_basket": "", "stripe_pid": ""}}, {"model": "checkout.order", "pk": 5, "fields": {"order_number": "069F94E6FA4444BA9C2B5F365477B7D8", "user_profile": null, "full_name": "lkjlk", "email": "lkjlk@lkjkj.com", "phone_number": "987", "country": "US", "postcode": "098", "town_or_city": "oiu", "street_address1": "oiu", "street_address2": "oiu", "county": "oiu", "date": "2021-12-26T21:08:11.692Z", "delivery_cost": "0.00", "order_total": "119.97", "grand_total": "119.97", "original_basket": "", "stripe_pid": ""}}, {"model": "checkout.order", "pk": 6, "fields": {"order_number": "B1756289898340ABADD9F853634C8A02", "user_profile": null, "full_name": "lkhj", "email": "lkjlk@lkjkj.com", "phone_number": "987", "country": "US", "postcode": "098", "town_or_city": "oiu", "street_address1": "oiu", "street_address2": "oiu", "county": "oiu", "date": "2021-12-26T21:11:10.984Z", "delivery_cost": "0.00", "order_total": "139.96", "grand_total": "139.96", "original_basket": "", "stripe_pid": ""}}, {"model": "checkout.order", "pk": 7, "fields": {"order_number": "D7CA89EF32494CDEA5665FDD8236B7A4", "user_profile": null, "full_name": "oiuy", "email": "oij@ij.com", "phone_number": "987", "country": "US", "postcode": "l;kj", "town_or_city": "qwef", "street_address1": "lkj", "street_address2": "lkj", "county": "lkj", "date": "2021-12-26T21:12:50.743Z", "delivery_cost": "0.00", "order_total": "119.97", "grand_total": "119.97", "original_basket": "", "stripe_pid": ""}}, {"model": "checkout.order", "pk": 8, "fields": {"order_number": "8D514CCC7E4E4D4DB5619C0ED0995F8E", "user_profile": null, "full_name": "jh", "email": "kjh@lh.com", "phone_number": "987", "country": "US", "postcode": "lkj", "town_or_city": "lkj", "street_address1": "lkj", "street_address2": "lkj", "county": "lkj", "date": "2021-12-26T22:04:18.926Z", "delivery_cost": "0.00", "order_total": "199.95", "grand_total": "199.95", "original_basket": "", "stripe_pid": ""}}, {"model": "checkout.order", "pk": 9, "fields": {"order_number": "5B6D57498DF24A4187F5BF5F48FD19B3", "user_profile": null, "full_name": "kjhkjh", "email": "kjh@lh.com", "phone_number": "987", "country": "US", "postcode": "lkj", "town_or_city": "lkj", "street_address1": "lkj", "street_address2": "lkj", "county": "lkj", "date": "2021-12-26T22:42:26.308Z", "delivery_cost": "0.00", "order_total": "159.96", "grand_total": "159.96", "original_basket": "{\"1\": 4}", "stripe_pid": "pi_3KB5PRHmTUV1jLZy1akpTJpa"}}, {"model": "checkout.order", "pk": 10, "fields": {"order_number": "5D7947A0F29F47F9B3CF6C6975C73D9B", "user_profile": null, "full_name": "oiu", "email": "oiu@lkj.com", "phone_number": "987", "country": "US", "postcode": "poi", "town_or_city": "poi", "street_address1": "pio", "street_address2": "poi", "county": "po", "date": "2021-12-26T23:04:25.234Z", "delivery_cost": "0.00", "order_total": "139.96", "grand_total": "139.96", "original_basket": "{\"4\": {\"items_by_size\": {\"50\": 4}}}", "stripe_pid": "pi_3KB5l2HmTUV1jLZy1H098Sca"}}, {"model": "checkout.order", "pk": 11, "fields": {"order_number": "D21C77C96DA9444F9810EF4843A7E22E", "user_profile": null, "full_name": "oiu", "email": "oiu@lkj.com", "phone_number": "098", "country": "US", "postcode": "poi", "town_or_city": "poi", "street_address1": "poi", "street_address2": "poi", "county": "poi", "date": "2021-12-26T23:22:15.511Z", "delivery_cost": "0.00", "order_total": "69.98", "grand_total": "69.98", "original_basket": "{\"4\": {\"items_by_size\": {\"50\": 2}}}", "stripe_pid": "pi_3KB62LHmTUV1jLZy15sUFewG"}}, {"model": "checkout.order", "pk": 12, "fields": {"order_number": "C5C2EE557D4F4CEF892A304F40E0D52A", "user_profile": null, "full_name": "lknlk", "email": "kjh@lh.com", "phone_number": "098", "country": "US", "postcode": "poy", "town_or_city": "iuy", "street_address1": "iuy", "street_address2": "iuy", "county": "iuy", "date": "2021-12-26T23:55:09.881Z", "delivery_cost": "0.00", "order_total": "149.97", "grand_total": "149.97", "original_basket": "{\"3\": 3}", "stripe_pid": "pi_3KB6Y7HmTUV1jLZy1JVmCNPD"}}, {"model": "checkout.order", "pk": 13, "fields": {"order_number": "0C6747A557FA43A78D4BEEDC3D30781F", "user_profile": null, "full_name": "iuh", "email": "kjh@lh.com", "phone_number": "078", "country": "US", "postcode": "lkj", "town_or_city": "lkj", "street_address1": "lkj", "street_address2": "lkj", "county": "lkj", "date": "2021-12-26T23:57:50.757Z", "delivery_cost": "0.00", "order_total": "149.97", "grand_total": "149.97", "original_basket": "{\"3\": 3}", "stripe_pid": "pi_3KB6alHmTUV1jLZy05RyramV"}}, {"model": "checkout.order", "pk": 14, "fields": {"order_number": "71BE968F264C4E1C9343ACA327C8B5A3", "user_profile": null, "full_name": "oiuy", "email": "oij@ij.com", "phone_number": "987", "country": "US", "postcode": "l;kj", "town_or_city": "qwef", "street_address1": "lkj", "street_address2": "lkj", "county": "lkj", "date": "2021-12-27T00:11:46.210Z", "delivery_cost": "0.00", "order_total": "119.97", "grand_total": "119.97", "original_basket": "{\"1\": 3}", "stripe_pid": "pi_3KB40zHmTUV1jLZy0YKDsqll"}}, {"model": "checkout.order", "pk": 15, "fields": {"order_number": "67F9C13FE100494EA68832CA90DC7902", "user_profile": null, "full_name": "kjh", "email": "kjh@lh.com", "phone_number": "987", "country": "US", "postcode": "lkj", "town_or_city": "lkj", "street_address1": "lkj", "street_address2": "lkj", "county": "lkj", "date": "2021-12-27T00:12:10.482Z", "delivery_cost": "0.00", "order_total": "104.97", "grand_total": "104.97", "original_basket": "{\"2\": {\"items_by_size\": {\"50\": 3}}}", "stripe_pid": "pi_3KB6obHmTUV1jLZy1d6m8Rs6"}}, {"model": "checkout.order", "pk": 16, "fields": {"order_number": "0810B5AA8948454C94210B1114568864", "user_profile": null, "full_name": "lkhj", "email": "lkjlk@lkjkj.com", "phone_number": "987", "country": "US", "postcode": "098", "town_or_city": "oiu", "street_address1": "oiu", "street_address2": "oiu", "county": "oiu", "date": "2021-12-27T00:12:14.255Z", "delivery_cost": "0.00", "order_total": "139.96", "grand_total": "139.96", "original_basket": "{\"2\": {\"items_by_size\": {\"50\": 4}}}", "stripe_pid": "pi_3KB3zTHmTUV1jLZy0ljOBZgq"}}, {"model": "checkout.order", "pk": 17, "fields": {"order_number": "252AC8EE42824912ACBE673A1DED7F27", "user_profile": 1, "full_name": "lkj", "email": "john_routledge@hotmail.com", "phone_number": "987", "country": "US", "postcode": "oiu", "town_or_city": "oiu", "street_address1": "oiu", "street_address2": "oiu", "county": "ooiu", "date": "2021-12-29T16:30:01.725Z", "delivery_cost": "0.00", "order_total": "279.94", "grand_total": "279.94", "original_basket": "{\"1\": 2, \"3\": 4}", "stripe_pid": "pi_3KC51RHmTUV1jLZy0sOJDAPU"}}, {"model": "checkout.order", "pk": 18, "fields": {"order_number": "2F52228CD63A424EBC76970F1822CF23", "user_profile": 1, "full_name": "oiu", "email": "john_routledge@hotmail.com", "phone_number": "987", "country": "US", "postcode": "oiu", "town_or_city": "oiu", "street_address1": "oiu", "street_address2": "oiu", "county": "ooiu", "date": "2021-12-29T16:33:38.996Z", "delivery_cost": "0.00", "order_total": "69.98", "grand_total": "69.98", "original_basket": "{\"4\": {\"items_by_size\": {\"50\": 2}}}", "stripe_pid": "pi_3KC55dHmTUV1jLZy1k2bIfwv"}}, {"model": "checkout.orderlineitem", "pk": 1, "fields": {"order": 1, "product": 3, "product_size": null, "quantity": 3, "lineitem_total": "149.97"}}, {"model": "checkout.orderlineitem", "pk": 2, "fields": {"order": 2, "product": 3, "product_size": null, "quantity": 1, "lineitem_total": "49.99"}}, {"model": "checkout.orderlineitem", "pk": 3, "fields": {"order": 3, "product": 2, "product_size": "50", "quantity": 2, "lineitem_total": "69.98"}}, {"model": "checkout.orderlineitem", "pk": 4, "fields": {"order": 4, "product": 4, "product_size": "50", "quantity": 3, "lineitem_total": "104.97"}}, {"model": "checkout.orderlineitem", "pk": 5, "fields": {"order": 5, "product": 1, "product_size": null, "quantity": 3, "lineitem_total": "119.97"}}, {"model": "checkout.orderlineitem", "pk": 6, "fields": {"order": 6, "product": 2, "product_size": "50", "quantity": 4, "lineitem_total": "139.96"}}, {"model": "checkout.orderlineitem", "pk": 7, "fields": {"order": 7, "product": 1, "product_size": null, "quantity": 3, "lineitem_total": "119.97"}}, {"model": "checkout.orderlineitem", "pk": 8, "fields": {"order": 8, "product": 1, "product_size": null, "quantity": 5, "lineitem_total": "199.95"}}, {"model": "checkout.orderlineitem", "pk": 9, "fields": {"order": 9, "product": 1, "product_size": null, "quantity": 4, "lineitem_total": "159.96"}}, {"model": "checkout.orderlineitem", "pk": 10, "fields": {"order": 10, "product": 4, "product_size": "50", "quantity": 4, "lineitem_total": "139.96"}}, {"model": "checkout.orderlineitem", "pk": 11, "fields": {"order": 11, "product": 4, "product_size": "50", "quantity": 2, "lineitem_total": "69.98"}}, {"model": "checkout.orderlineitem", "pk": 12, "fields": {"order": 12, "product": 3, "product_size": null, "quantity": 3, "lineitem_total": "149.97"}}, {"model": "checkout.orderlineitem", "pk": 13, "fields": {"order": 13, "product": 3, "product_size": null, "quantity": 3, "lineitem_total": "149.97"}}, {"model": "checkout.orderlineitem", "pk": 14, "fields": {"order": 14, "product": 1, "product_size": null, "quantity": 3, "lineitem_total": "119.97"}}, {"model": "checkout.orderlineitem", "pk": 15, "fields": {"order": 15, "product": 2, "product_size": "50", "quantity": 3, "lineitem_total": "104.97"}}, {"model": "checkout.orderlineitem", "pk": 16, "fields": {"order": 16, "product": 2, "product_size": "50", "quantity": 4, "lineitem_total": "139.96"}}, {"model": "checkout.orderlineitem", "pk": 17, "fields": {"order": 17, "product": 1, "product_size": null, "quantity": 2, "lineitem_total": "79.98"}}, {"model": "checkout.orderlineitem", "pk": 18, "fields": {"order": 17, "product": 3, "product_size": null, "quantity": 4, "lineitem_total": "199.96"}}, {"model": "checkout.orderlineitem", "pk": 19, "fields": {"order": 18, "product": 4, "product_size": "50", "quantity": 2, "lineitem_total": "69.98"}}, {"model": "profiles.userprofile", "pk": 1, "fields": {"user": 1, "default_phone_number": "987", "default_street_address1": "oiu", "default_street_address2": "oiu", "default_town_or_city": "oiu", "default_county": "ooiu", "default_postcode": "oiu", "default_country": "US"}}]