[{"model": "sessions.session", "pk": "2ikzga2pb2pb6lgpv28amkymj9a45jpt", "fields": {"session_data": ".eJxVjMsOgjAQRf-la9MwLX2xdO83NFNmkKophkKiMf67wbDQ7T3nnpeIuC5jXCvPMZPoBIjD75awv3LZAF2wnCfZT2WZc5KbInda5Wkivh139y8wYh23t3UWnXdGK_DQK9ZGDSGhCToZBuKkGAI1SZGD0ILV2hIN6H3C1sA3WrnWPJXIj3uen6Jr3h9xNz7g:1n7kDo:nkxVaOAiDps6Ubx3LssLg4Hdi1HvNMVEeaGKdODb0z8", "expire_date": "2022-01-26T20:27:52.572Z"}}, {"model": "sessions.session", "pk": "d7i9prltg054zxb0mbmi6czg2vasc01e", "fields": {"session_data": ".eJxVjDsOwjAQBe_iGln-r6GkzxksZ9eLA8iR4qRC3B0ipYD2zcx7iZS3taatlyVNJC7Ci9PvNmZ8lLYDuud2myXObV2mUe6KPGiXw0zleT3cv4Oae_3WQGy9Mp4BC5PXbK0yEcgggjMRQWmAmLVTIdpolDZMaDmo4hj8OYj3B88uNu8:1nM7La:oF3X-1rxpyUcG_FTJ3O78SspR7ZEMYCfMEhsGhLS6ps", "expire_date": "2022-03-07T11:59:18.549Z"}}, {"model": "sessions.session", "pk": "fjwsgm90k6jqra30niwop53yv8pg6ekl", "fields": {"session_data": ".eJxVjL1uwzAQg9_lZsPwSZF_NHbvMwgn61wrSaXCJxdNgrx7oiJDy4EDP5I3cLSX1e3Cm4sBLCA0fzNP84lTBeFI6SO3c05li76tlfZFpX3Pgc9vr-6_g5Vkret-6GkYB6MVjjgr1kYtkyczaW8YA3vFOIXOqzDgdMBe6z6EhcbR08Hg76mwSMzJ8c9X3C5guwaEvtnFtGSwZdu5AU9y4gL2Bmiqx8Kf4vzFSbxyDUwHFu9PPQCPvVL8:1nHOKG:9iHH0cQPa_c7AqabwjjkRkiJTHgnkcnRQ6RoeHHGbwc", "expire_date": "2022-02-22T11:06:24.918Z"}}, {"model": "sessions.session", "pk": "honef5m2o4pzmj6m0ita7i9b12i5375p", "fields": {"session_data": ".eJxVjEsOwjAMRO_iNarqpOlvyZ4zRHbj0vBpUV0koOrdIYgNu9G8N7MCk55lgXYFCy3uwKQYF7mq56fX-JJUuPwDt23bgaf7Mvi7yuxjgBYQ_jqm7ixjAuFE43HKumlc5shZUrIf1ewwBbnsf-7fwUA6pHVZlVTVlbMGa-yMWGf6hsk1lp1gEDaCTcjZhAqbAktryxB6qmumwuH3VEU1TqOXxy3OT2jz7Q3tO02y:1nEg1e:tz3X7xos1g0fd9mdrPDB1_gRhvXpVa2dHWVTRLgO0uc", "expire_date": "2022-02-14T23:23:58.920Z"}}, {"model": "sessions.session", "pk": "jabqxl4un81adn0qe7u1hmuiwt77oef7", "fields": {"session_data": ".eJxVjEEOgjAQRe8ya0KYlhbK0r1naKZ0kIppDYVEQ7i7wbDQ7X_vvw0srcto18yzDR46QCh-N0f9xPEA_k7xlso-xWUOrjyU8qS5vCbPj8vp_gVGyuPx1o2mpm2UFNhiL1gqMRhHykinGD07wWh85YRv0NSopdTeD9S2jmqF32jmnEOKll_PML-hqwpwlCdeoNtAQ4f7_gHJJ0Ph:1nK5uL:8J60lG9BTCM_pQ_ltHPSnG4MsZffbfUiERukaQfYs_8", "expire_date": "2022-03-01T22:02:49.489Z"}}, {"model": "sessions.session", "pk": "jofis4grmk7t7o7kb8zpu5h77vvg4zpt", "fields": {"session_data": ".eJxVjM0OgjAQhN9lz4TQlvJ39O4zNLt0kfoDhoVEJL671nDQOcxhvpnZwOEy924Rnlzw0ICC5DcjbC88RODPOJzGtB2HeQqUxkq6U0mPo-frYe_-HfQofVwXZYFlVVqjVaVazcbqria0tSHLyjNpVrXPSPtS1bkqjCm877CqCHOrvqfCImEcHD_uYVqhyRIglAvP0Gygo4WZb-JodRKeHAObQWNeH70B349Mpg:1n6hYW:wZmTbxzhApFXkUkYFCsA7T9lHjQROXvQNZdAT1cfQas", "expire_date": "2022-01-23T23:24:56.098Z"}}, {"model": "sessions.session", "pk": "loqq7fk0er16rzdrt7ogtc2ds9qtfdkd", "fields": {"session_data": ".eJxVjEEOgjAQRe8ya0KYlhbo0r1naKZ0kKppDQWjIdzdYFjo9r_33wqWlnm0S-bJBg8GEIrfzVF_47gDf6V4SWWf4jwFV-5KedBcnpPn--lw_wIj5XF_60ZT0zZKCmyxFyyVGDpHqpNOMXp2grHzlRO-wa5GLaX2fqC2dVQr_EYz5xxStPx6hOkNpiog05NtiEMCM08LF-Ao33gGs4IEg9v2AZD1SgI:1nKo0d:TJCUnMDTCR5tGAE_XZoRkxgjYiU5EAdP0D-ctEeOl20", "expire_date": "2022-03-03T21:08:15.733Z"}}, {"model": "sessions.session", "pk": "om26hs7yuok9fhtl5e9prq8ao781kw3f", "fields": {"session_data": ".eJxVjMsOgjAQRf-la9MwLX2xdO83NFNmkKophkKiMf67wbDQ7T3nnpeIuC5jXCvPMZPoBIjD75awv3LZAF2wnCfZT2WZc5KbInda5Wkivh139y8wYh23t3UWnXdGK_DQK9ZGDSGhCToZBuKkGAI1SZGD0ILV2hIN6H3C1sA3WrnWPJXIj3uen6Jr3h9xNz7g:1nC8dw:f3SLjfNNeGJOobVZamYRwjBAKjFpZQQdsDX35OfsRU8", "expire_date": "2022-02-07T23:21:00.668Z"}}, {"model": "sessions.session", "pk": "qh5ceopigy231o9k1137cszd45oj654n", "fields": {"session_data": ".eJxVjDsOwjAQBe_iGln-r6GkzxksZ9eLA8iR4qRC3B0ipYD2zcx7iZS3taatlyVNJC7Ci9PvNmZ8lLYDuud2myXObV2mUe6KPGiXw0zleT3cv4Oae_3WQGy9Mp4BC5PXbK0yEcgggjMRQWmAmLVTIdpolDZMaDmo4hj8OYj3B88uNu8:1nM8Y3:hum0XwZd7dWTG4SvFEJN_BnMl7m7uycsZqoG5YcMcpw", "expire_date": "2022-03-07T13:16:15.787Z"}}, {"model": "sessions.session", "pk": "ui3yojtzrswwb9kr8a3u2ml7quzb8noz", "fields": {"session_data": ".eJxVjMsOgyAUBf_lrg0BBAWW3fcbCI9rpTbQiCZtjP_emrhot2fmzAbWrcto14qzTREMMGh-N-_ChPkA8e7yrZBQ8jInTw6FnLSSa4n4uJzuX2B0dfy-FRMhao6OUumiHtogKMOgOIpeKK9k1woulNYSad9HHgff8cioHFpKHccjWrHWVLLF1zPNbzC0Ae_qhAuYDVowYt8_vU9Dew:1mz6Ir:VFhyM37hzkJ5s4uhqLODtH5Onk6U1TAuRsBhxh4RM60", "expire_date": "2022-01-03T00:13:21.342Z"}}, {"model": "sessions.session", "pk": "vu7hsx7rkdj3sahpa07ymzeqdbsh97hf", "fields": {"session_data": ".eJxVjMsOgyAUBf-FdUME5Lnsvt9ALnKt1AYa0aSN8d9bGzduZ-aclQSoI87ErYQRx7cL8bDMg18qTj5F4n74xAJ0I-ZdxAfke6FdyfOUAt0TethKbyXi83q0p4MB6rCvlVagjZaCM8M6jkLy3gaQVgSJLGLgyGxsAo-a2ZYpIVSMPRgToJXsf1qx1lSyx_crTR_imu0LXY9D3Q:1nB26K:aDNkm5zWrp-mGi-UEaRDBcS23RQG9JMN2INimX1pGnw", "expire_date": "2022-02-04T22:09:44.284Z"}}, {"model": "sessions.session", "pk": "ycvydxgs5gwyspbu3f1j2jrlxr09y5ni", "fields": {"session_data": ".eJxVjMEOgjAQBf-lZ0JoS2nh6N1vaLbdRarYGgpGY_x3hRATrzPvzYuB92mJs73TFPpAaOkKYWRdXMax-Nkl08Q6JljBLCzzsAEb8Mv4P3PgLxRXgWeIp1T6FOcpuHKdlLvN5TEhjYd9-xcYIA_ru9ENaKOVFNxwL0gq0bcOVCudIo7kBPEWKydQ87bmjZQNYg_GOKgV36KZcg4pWnrcwvRkXfX-AGQfUHE:1n87RH:0opc0lOHvdcUb0F63y-Dsxto-OZ0818fhrE7o7dgAlc", "expire_date": "2022-01-27T21:15:19.812Z"}}, {"model": "sites.site", "pk": 1, "fields": {"domain": "jiira.example.com", "name": "Jiira"}}, {"model": "products.category", "pk": 5, "fields": {"name": "stud_earrings", "friendly_name": "Stud Earrings"}}, {"model": "products.category", "pk": 6, "fields": {"name": "hoop_earrings", "friendly_name": "Hoop Earrings"}}, {"model": "products.category", "pk": 7, "fields": {"name": "pendant_necklaces", "friendly_name": "Pendants"}}, {"model": "products.category", "pk": 8, "fields": {"name": "choker_necklaces", "friendly_name": "Chokers"}}, {"model": "products.category", "pk": 9, "fields": {"name": "band_rings", "friendly_name": "Bands"}}, {"model": "products.category", "pk": 10, "fields": {"name": "linked_rings", "friendly_name": "Linked Rings"}}, {"model": "products.product", "pk": 1, "fields": {"category": 6, "sku": "jj0001e", "name": "Silver Hoop Earrings", "description": "Beautifully handcrafted silver earrings featuring an asymmetrical design. Each pair is completely unique.", "has_sizes": false, "price": "24.99", "image_url": null, "image": "jj0001e_eZULAlO.png"}}, {"model": "products.product", "pk": 2, "fields": {"category": 10, "sku": "jj0001r", "name": "Silver Link Ring", "description": "Handcrafted link effect silver ring with embossed inlay.", "has_sizes": true, "price": "34.99", "image_url": null, "image": "jj0001r_KmohLAV.jpeg"}}, {"model": "products.product", "pk": 3, "fields": {"category": 8, "sku": "jj0001n", "name": "Black Pearl Choker", "description": "Choker with immitation jet black pearls.", "has_sizes": false, "price": "49.99", "image_url": null, "image": "jj0001n_7CFjnLQ.jpeg"}}, {"model": "products.product", "pk": 4, "fields": {"category": 10, "sku": "jj0002r", "name": "Black Pearl Dagger Rings", "description": "A pair of black pearl rings with dagger feature.", "has_sizes": true, "price": "34.99", "image_url": null, "image": "jj0002r_g4xo9Br.jpeg"}}, {"model": "products.product", "pk": 5, "fields": {"category": 7, "sku": "jj0002n", "name": "Beaded Chain Pendant Necklace", "description": "Simple beaded chain pendant necklace, hand crafted in silver with a clasp fastner. Suitable for any occassion.", "has_sizes": false, "price": "54.99", "image_url": null, "image": "jj0002n_dVvS2QE.jpeg"}}, {"model": "products.product", "pk": 6, "fields": {"category": 7, "sku": "jj0003n", "name": "Silver Chain Pendant", "description": "The timeless classic - a single-strand, silver plated, chain pendant.", "has_sizes": false, "price": "34.99", "image_url": null, "image": "jj0003n_6FELhZP.jpeg"}}, {"model": "products.product", "pk": 7, "fields": {"category": 8, "sku": "jj0004n", "name": "Akha Style Choker", "description": "This stunning Akha inspired choker brings style from the hills of Northern Thailand.  Made from hand-pressed alloys, the main choker features five hanging tassles for a very over-stated yet uniquely Thai look.", "has_sizes": false, "price": "89.99", "image_url": null, "image": "jj0004n_NrJrCfc.jpeg"}}, {"model": "products.product", "pk": 8, "fields": {"category": 8, "sku": "jj0005n", "name": "Silver Choker", "description": "This silver choker features a stunning starburst array which will make an impression on any evening outfit.", "has_sizes": false, "price": "89.99", "image_url": null, "image": "jj0005n_iwtVlMZ.jpeg"}}, {"model": "products.product", "pk": 9, "fields": {"category": 7, "sku": "jj0007n", "name": "Pearl Pendant Necklace", "description": "Silver plated pendant necklace lined with a unique selection of small pearls. No two of these pendant necklaces are the same.", "has_sizes": false, "price": "69.99", "image_url": null, "image": "jj0007n_Cw6mbCv.png"}}, {"model": "products.product", "pk": 10, "fields": {"category": 7, "sku": "jj0008n", "name": "Leaf Pendant Necklace", "description": "This stunning fine chain pendant necklace features a delicate leaf which was painstakingly hand crafted from silver.", "has_sizes": false, "price": "69.99", "image_url": null, "image": "jj0008n_EE8ZSWV.jpeg"}}, {"model": "products.product", "pk": 12, "fields": {"category": 6, "sku": "jj0003e", "name": "Beaded Chain Earrings", "description": "Elegant silver drop earrings featuring and extended beaded chain.", "has_sizes": false, "price": "34.99", "image_url": null, "image": "jj0003e_Zuvs3Kt.jpeg"}}, {"model": "products.product", "pk": 13, "fields": {"category": 6, "sku": "jj0004e", "name": "Akha Tassle Earrings", "description": "Taking their inspiration for the hills of Northern Thailand, these earrings feature an unmistakable brushed yellow silk tassle and miniature golden bells.", "has_sizes": false, "price": "37.99", "image_url": null, "image": "jj0005e_fWD4FWc.jpg"}}, {"model": "products.product", "pk": 14, "fields": {"category": 6, "sku": "jj0005e", "name": "Naga Earrings", "description": "These earrings, fashioned from alloy, take their inspiration from the mythical Nagas which can be found guarding the entrance to many a temple.", "has_sizes": false, "price": "34.99", "image_url": null, "image": "jj0004e_iS0u2Xs.jpeg"}}, {"model": "products.product", "pk": 15, "fields": {"category": 9, "sku": "jj0003r", "name": "Beaded Silver Ring", "description": "Silver ring featuring woven beaded design.", "has_sizes": true, "price": "24.99", "image_url": null, "image": "jj0003r_uOxOkqp.jpeg"}}, {"model": "products.product", "pk": 16, "fields": {"category": 9, "sku": "jj0004r", "name": "Silver Band", "description": "This silver band features several strands of silver fused together to create a truly unique design.", "has_sizes": true, "price": "44.99", "image_url": null, "image": "jj0004r_aydHSIv.jpeg"}}, {"model": "products.product", "pk": 17, "fields": {"category": 9, "sku": "jj0005r", "name": "Knot Ring", "description": "Silver-plated ring featuring a single knot design.", "has_sizes": true, "price": "14.99", "image_url": null, "image": "jj0005r_A56MHLf.jpeg"}}, {"model": "products.product", "pk": 18, "fields": {"category": 5, "sku": "jj0010e", "name": "Simple Pearl Stud Earrings", "description": "These pearl stud earrings are a timeless classic and a match for any occassion, be it day or night.", "has_sizes": false, "price": "19.99", "image_url": null, "image": "jj0010e_4byQWWB.png"}}, {"model": "products.product", "pk": 19, "fields": {"category": 5, "sku": "jj0011e", "name": "Stud Tassle Earrings", "description": "These tassle-style stud earrings are handcrafted from antique silver and simply exude Thainess.", "has_sizes": false, "price": "34.99", "image_url": null, "image": "jj0012e.jpeg"}}, {"model": "checkout.order", "pk": 19, "fields": {"order_number": "79B3ED19E62A452583C6760DD231CF63", "user_profile": null, "full_name": "fgsdgsdgd", "email": "john_routledge@hotmail.com", "phone_number": "987", "country": "US", "postcode": "oiu", "town_or_city": "oiu", "street_address1": "oiu", "street_address2": "oiu", "county": "ooiu", "date": "2022-02-06T22:59:56.724Z", "delivery_cost": "0.00", "order_total": "114.97", "grand_total": "114.97", "original_basket": "{\"5\": 1, \"1\": 1, \"4\": {\"items_by_size\": {\"50\": 1}}}", "stripe_pid": "pi_3KQJ0tHmTUV1jLZy1NOvjhNg"}}, {"model": "checkout.order", "pk": 20, "fields": {"order_number": "6F6A3CF2246E424C9A163FE5FC98019F", "user_profile": null, "full_name": "dfsdf", "email": "john_routledge@hotmail.com", "phone_number": "987", "country": "US", "postcode": "oiu", "town_or_city": "oiu", "street_address1": "oiu", "street_address2": "oiu", "county": "ooiu", "date": "2022-02-08T10:44:11.373Z", "delivery_cost": "0.00", "order_total": "54.99", "grand_total": "54.99", "original_basket": "{\"5\": 1}", "stripe_pid": "pi_3KQrAsHmTUV1jLZy0QE3zFPj"}}, {"model": "checkout.order", "pk": 21, "fields": {"order_number": "80885845C81F4DE8A50A22D34E63064C", "user_profile": null, "full_name": "sdfsdf", "email": "john_routledge@hotmail.com", "phone_number": "987", "country": "US", "postcode": "oiu", "town_or_city": "oiu", "street_address1": "oiu", "street_address2": "oiu", "county": "ooiu", "date": "2022-02-16T23:09:50.699Z", "delivery_cost": "0.00", "order_total": "314.91", "grand_total": "314.91", "original_basket": "{\"6\": 9}", "stripe_pid": "pi_3KTwcXHmTUV1jLZy1Co5wA7F"}}, {"model": "checkout.order", "pk": 22, "fields": {"order_number": "08D7B789D43E4D9493408ADE868D722D", "user_profile": null, "full_name": "sdfsd", "email": "john_routledge@hotmail.com", "phone_number": "987", "country": "US", "postcode": "oiu", "town_or_city": "oiu", "street_address1": "oiu", "street_address2": "oiu", "county": "ooiu", "date": "2022-02-20T21:25:02.879Z", "delivery_cost": "0.00", "order_total": "89.99", "grand_total": "89.99", "original_basket": "{\"8\": 1}", "stripe_pid": "pi_3KVMtiHmTUV1jLZy1iJkWmYZ"}}, {"model": "checkout.order", "pk": 23, "fields": {"order_number": "3B47D735AC3E4A65A8D34650C0B1246B", "user_profile": null, "full_name": "wewr", "email": "john_routledge@hotmail.com", "phone_number": "987", "country": "US", "postcode": "oiu", "town_or_city": "oiu", "street_address1": "oiu", "street_address2": "oiu", "county": "ooiu", "date": "2022-02-20T22:07:38.003Z", "delivery_cost": "0.00", "order_total": "54.99", "grand_total": "54.99", "original_basket": "{\"5\": 1}", "stripe_pid": "pi_3KVNYsHmTUV1jLZy1Qa5n2nu"}}, {"model": "checkout.order", "pk": 24, "fields": {"order_number": "ED2C6420DB264B129D4D9E2FEF400849", "user_profile": null, "full_name": "sdf", "email": "john_routledge@hotmail.com", "phone_number": "987", "country": "US", "postcode": "oiu", "town_or_city": "oiu", "street_address1": "oiu", "street_address2": "oiu", "county": "ooiu", "date": "2022-02-20T22:14:20.448Z", "delivery_cost": "1.50", "order_total": "14.99", "grand_total": "16.49", "original_basket": "{\"17\": {\"items_by_size\": {\"50\": 1}}}", "stripe_pid": "pi_3KVNfQHmTUV1jLZy1lG4rRSh"}}, {"model": "checkout.order", "pk": 25, "fields": {"order_number": "D85B4C489873497B97B5857246560371", "user_profile": null, "full_name": "wer", "email": "tamsee_routledge@hotmail.com", "phone_number": "123", "country": "US", "postcode": null, "town_or_city": "qwr", "street_address1": "qwr", "street_address2": null, "county": null, "date": "2022-02-20T22:22:33.751Z", "delivery_cost": "0.00", "order_total": "249.96", "grand_total": "249.96", "original_basket": "{\"4\": {\"items_by_size\": {\"50\": 2}}, \"7\": 2}", "stripe_pid": "pi_3KVNnEHmTUV1jLZy0hwxA6kV"}}, {"model": "checkout.order", "pk": 26, "fields": {"order_number": "1625DBB2023B4D0B9934E646BDE02361", "user_profile": null, "full_name": "testuser", "email": "routledgejohndavid@gmail.com", "phone_number": "123", "country": "US", "postcode": null, "town_or_city": "123", "street_address1": "123", "street_address2": null, "county": null, "date": "2022-02-21T10:59:59.340Z", "delivery_cost": "3.50", "order_total": "34.99", "grand_total": "38.49", "original_basket": "{\"4\": {\"items_by_size\": {\"50\": 1}}}", "stripe_pid": "pi_3KVZc6HmTUV1jLZy0k02PhH7"}}, {"model": "checkout.order", "pk": 27, "fields": {"order_number": "0889A67DD94F4BA588DD7BA32E623FBD", "user_profile": null, "full_name": "testuser", "email": "routledgejohndavid@gmail.com", "phone_number": "123", "country": "US", "postcode": null, "town_or_city": "123", "street_address1": "123", "street_address2": null, "county": null, "date": "2022-02-21T11:01:17.945Z", "delivery_cost": "3.50", "order_total": "34.99", "grand_total": "38.49", "original_basket": "{\"2\": {\"items_by_size\": {\"50\": 1}}}", "stripe_pid": "pi_3KVZdYHmTUV1jLZy0mkHXC1W"}}, {"model": "checkout.orderlineitem", "pk": 20, "fields": {"order": 19, "product": 5, "product_size": null, "quantity": 1, "lineitem_total": "54.99"}}, {"model": "checkout.orderlineitem", "pk": 21, "fields": {"order": 19, "product": 1, "product_size": null, "quantity": 1, "lineitem_total": "24.99"}}, {"model": "checkout.orderlineitem", "pk": 22, "fields": {"order": 19, "product": 4, "product_size": "50", "quantity": 1, "lineitem_total": "34.99"}}, {"model": "checkout.orderlineitem", "pk": 23, "fields": {"order": 20, "product": 5, "product_size": null, "quantity": 1, "lineitem_total": "54.99"}}, {"model": "checkout.orderlineitem", "pk": 24, "fields": {"order": 21, "product": 6, "product_size": null, "quantity": 9, "lineitem_total": "314.91"}}, {"model": "checkout.orderlineitem", "pk": 25, "fields": {"order": 22, "product": 8, "product_size": null, "quantity": 1, "lineitem_total": "89.99"}}, {"model": "checkout.orderlineitem", "pk": 26, "fields": {"order": 23, "product": 5, "product_size": null, "quantity": 1, "lineitem_total": "54.99"}}, {"model": "checkout.orderlineitem", "pk": 27, "fields": {"order": 24, "product": 17, "product_size": "50", "quantity": 1, "lineitem_total": "14.99"}}, {"model": "checkout.orderlineitem", "pk": 28, "fields": {"order": 25, "product": 4, "product_size": "50", "quantity": 2, "lineitem_total": "69.98"}}, {"model": "checkout.orderlineitem", "pk": 29, "fields": {"order": 25, "product": 7, "product_size": null, "quantity": 2, "lineitem_total": "179.98"}}, {"model": "checkout.orderlineitem", "pk": 30, "fields": {"order": 26, "product": 4, "product_size": "50", "quantity": 1, "lineitem_total": "34.99"}}, {"model": "checkout.orderlineitem", "pk": 31, "fields": {"order": 27, "product": 2, "product_size": "50", "quantity": 1, "lineitem_total": "34.99"}}, {"model": "blog.post", "pk": 5, "fields": {"title": "Jiira at Chiang Mai Fashion Week", "slug": "fashionweek", "author": "Jiira Admin", "image": "fashion-show_PjikoQw.jpg", "image_url": null, "content": "On 19th December 2021, Jiira Jewellery was invited to attend Chiang Mai Fashion Week at Central Festival Shopping Mall.  The event was a huge success.", "date_created": "2022-01-26T13:14:16.654Z", "date_updated": "2022-02-12T23:49:41.052Z"}}, {"model": "blog.comment", "pk": 2, "fields": {"post": 5, "name": "1", "comment_body": "1", "date_created": "2022-02-15T11:12:24.602Z"}}, {"model": "blog.comment", "pk": 3, "fields": {"post": 5, "name": "2", "comment_body": "2", "date_created": "2022-02-15T11:12:30.886Z"}}, {"model": "blog.comment", "pk": 4, "fields": {"post": 5, "name": "3", "comment_body": "3", "date_created": "2022-02-15T11:12:36.876Z"}}, {"model": "blog.comment", "pk": 5, "fields": {"post": 5, "name": "4", "comment_body": "4", "date_created": "2022-02-15T11:12:42.802Z"}}, {"model": "blog.comment", "pk": 6, "fields": {"post": 5, "name": "John", "comment_body": "Wow!", "date_created": "2022-02-18T15:43:43.370Z"}}]